[
 {
   "id": "1",
   "nameRu": "Свежие помидоры",
   "nameEn": "Fresh tomatoes",
   "descriptionEn": "Fresh organic tomatoes from the farm",
   "nameHe": "עגבניות טריות",
   "descriptionRu": "Свежие органические помидоры с фермы",
   "descriptionHe": "עגבניות אורגניות טריות מהחווה",
   "price": 15.99,
   "unit": "кг",
   "category": "vegetables",
   "farmName": "Ферма Галилея",
   "location": "Галилея, Израиль",
   "organic": true,
   "inStock": true,
   "image": "https://images.unsplash.com/photo-1546094096-0df4bcaaa337?w=400&h=300&fit=crop",
   "rating": 4.5,
   "reviews": 23,
   "createdAt": {
      "_seconds": 1752881837,
      "_nanoseconds": 699000000
   },
   "updatedAt": {
      "_seconds": 1752881837,
      "_nanoseconds": 699000000
   }
},
 {
   "id": "2",
   "nameRu": "Сладкие апельсины",
   "nameEn": "Sweet oranges",
   "descriptionEn": "Sweet juicy oranges",
   "nameHe": "תפוזים מתוקים",
   "descriptionRu": "Сладкие сочные апельсины",
   "descriptionHe": "תפוזים מתוקים ועסיסיים",
   "price": 12.5,
   "unit": "кг",
   "category": "fruits",
   "farmName": "Цитрусовая роща",
   "location": "Яффо, Израиль",
   "organic": false,
   "inStock": true,
   "image": "https://images.unsplash.com/photo-1547514701-42782101795e?w=400&h=300&fit=crop",
   "rating": 4.8,
   "reviews": 45,
   "createdAt": {
      "_seconds": 1752881839,
      "_nanoseconds": 298000000
   },
   "updatedAt": {
      "_seconds": 1752881839,
      "_nanoseconds": 298000000
   }
},
 {
   "id": "3",
   "nameRu": "Свежий базилик",
   "nameEn": "Fresh basil",
   "descriptionEn": "Fragrant fresh basil",
   "nameHe": "בזיליקום טרי",
   "descriptionRu": "Ароматный свежий базилик",
   "descriptionHe": "בזיליקום ריחני וטריות",
   "price": 8.99,
   "unit": "пучок",
   "category": "herbs",
   "farmName": "Травяная ферма",
   "location": "Кармель, Израиль",
   "organic": true,
   "inStock": true,
   "image": "https://images.unsplash.com/photo-1556801712-76c8eb07bbc9?w=400&h=300&fit=crop",
   "rating": 4.2,
   "reviews": 12,
   "createdAt": {
      "_seconds": 1752881839,
      "_nanoseconds": 955000000
   },
   "updatedAt": {
      "_seconds": 1752881839,
      "_nanoseconds": 955000000
   }
},
 {
   "id": "4",
   "nameRu": "Домашний йогурт",
   "nameEn": "Homemade yogurt",
   "descriptionEn": "Natural homemade yogurt",
   "nameHe": "יוגורט ביתי",
   "descriptionRu": "Натуральный домашний йогурт",
   "descriptionHe": "יוגורט טבעי ביתי",
   "price": 18.5,
   "unit": "литр",
   "category": "dairy",
   "farmName": "Молочная ферма",
   "location": "Голанские высоты, Израиль",
   "organic": true,
   "inStock": true,
   "image": "https://images.unsplash.com/photo-1488477181946-6428a0291777?w=400&h=300&fit=crop",
   "rating": 4.7,
   "reviews": 31,
   "createdAt": {
      "_seconds": 1752882434,
      "_nanoseconds": 106000000
   },
   "updatedAt": {
      "_seconds": 1752882434,
      "_nanoseconds": 106000000
   }
},
 {
   "id": "5",
   "nameRu": "Мед из эвкалипта",
   "nameEn": "Eucalyptus honey",
   "descriptionEn": "Natural honey from eucalyptus flowers",
   "nameHe": "דבש אקליפטוס",
   "descriptionRu": "Натуральный мед из эвкалиптовых цветов",
   "descriptionHe": "דבש טבעי מפרחי אקליפטוס",
   "price": 45,
   "unit": "банка 500г",
   "category": "honey",
   "farmName": "Пасека Шарон",
   "location": "Шарон, Израиль",
   "organic": true,
   "inStock": true,
   "image": "https://images.unsplash.com/photo-1587049352846-4a222e784d38?w=400&h=300&fit=crop",
   "rating": 4.9,
   "reviews": 67,
   "createdAt": {
      "_seconds": 1752881841,
      "_nanoseconds": 68000000
   },
   "updatedAt": {
      "_seconds": 1752881841,
      "_nanoseconds": 68000000
   }
},
 {
   "id": "6",
   "nameRu": "Розы",
   "nameEn": "Roses",
   "descriptionEn": "Fresh roses of different colors",
   "nameHe": "ורדים",
   "descriptionRu": "Свежие розы разных цветов",
   "descriptionHe": "ורדים טריים בצבעים שונים",
   "price": 25,
   "unit": "букет",
   "category": "flowers",
   "farmName": "Цветочная ферма",
   "location": "Иерусалим, Израиль",
   "organic": false,
   "inStock": true,
   "image": "https://images.unsplash.com/photo-1518709268805-4e9042af2176?w=400&h=300&fit=crop",
   "rating": 4.6,
   "reviews": 28,
   "createdAt": {
      "_seconds": 1752882434,
      "_nanoseconds": 330000000
   },
   "updatedAt": {
      "_seconds": 1752882434,
      "_nanoseconds": 330000000
   }
},
 {
   "id": "7",
   "nameRu": "Огурцы",
   "nameEn": "Cucumbers",
   "descriptionEn": "Fresh crisp cucumbers",
   "nameHe": "מלפפונים",
   "descriptionRu": "Свежие хрустящие огурцы",
   "descriptionHe": "מלפפונים טריים ופריכים",
   "price": 9.99,
   "unit": "кг",
   "category": "vegetables",
   "farmName": "Овощная ферма",
   "location": "Негев, Израиль",
   "organic": true,
   "inStock": true,
   "image": "https://images.unsplash.com/photo-1449300079323-02e209d9d3a6?w=400&h=300&fit=crop",
   "rating": 4.3,
   "reviews": 19,
   "createdAt": {
      "_seconds": 1752882434,
      "_nanoseconds": 438000000
   },
   "updatedAt": {
      "_seconds": 1752882434,
      "_nanoseconds": 438000000
   }
},
 {
   "id": "8",
   "nameRu": "Авокадо",
   "nameEn": "Avocado",
   "descriptionEn": "Ripe Hass avocados",
   "nameHe": "אבוקדו",
   "descriptionRu": "Спелые авокадо Хасс",
   "descriptionHe": "אבוקדו בשל מהזן האס",
   "price": 22.5,
   "unit": "кг",
   "category": "fruits",
   "farmName": "Тропическая ферма",
   "location": "Галилея, Израиль",
   "organic": true,
   "inStock": false,
   "image": "https://images.unsplash.com/photo-1523049673857-eb18f1d7b578?w=400&h=300&fit=crop",
   "rating": 4.8,
   "reviews": 42,
   "createdAt": {
      "_seconds": 1752881842,
      "_nanoseconds": 902000000
   },
   "updatedAt": {
      "_seconds": 1752881842,
      "_nanoseconds": 902000000
   }
},
 {
   "id": "9",
   "nameRu": "Мята",
   "nameEn": "Mint",
   "descriptionEn": "Fresh mint for tea",
   "nameHe": "נענע",
   "descriptionRu": "Свежая мята для чая",
   "descriptionHe": "נענע טרייה לתה",
   "price": 6.5,
   "unit": "пучок",
   "category": "herbs",
   "farmName": "Травяная ферма",
   "location": "Кармель, Израиль",
   "organic": true,
   "inStock": true,
   "image": "https://images.unsplash.com/photo-1556801712-76c8eb07bbc9?w=400&h=300&fit=crop",
   "rating": 4.1,
   "reviews": 8,
   "createdAt": {
      "_seconds": 1752881843,
      "_nanoseconds": 418000000
   },
   "updatedAt": {
      "_seconds": 1752881843,
      "_nanoseconds": 418000000
   }
},
 {
   "id": "10",
   "nameRu": "Сыр халуми",
   "nameEn": "Halloumi cheese",
   "descriptionEn": "Traditional Cypriot cheese",
   "nameHe": "גבינת חלומי",
   "descriptionRu": "Традиционный кипрский сыр",
   "descriptionHe": "גבינה קפריסאית מסורתית",
   "price": 35,
   "unit": "кг",
   "category": "dairy",
   "farmName": "Сыроварня Галилея",
   "location": "Галилея, Израиль",
   "organic": false,
   "inStock": true,
   "image": "https://images.unsplash.com/photo-1486297678162-eb2a19b0a32d?w=400&h=300&fit=crop",
   "rating": 4.7,
   "reviews": 35,
   "createdAt": {
      "_seconds": 1752881844,
      "_nanoseconds": 67000000
   },
   "updatedAt": {
      "_seconds": 1752881844,
      "_nanoseconds": 67000000
   }
}
]