[
  {
    "id": "1",
    "name": "Томат",
    "nameHe": "עגבנייה",
    "price": 10,
    "currency": "ILS",
    "category": "vegetables",
    "description": "Свежие томаты",
    "image": "/logo192.png",
    "farmId": "f1",
    "farmName": "Ферма А",
    "location": "Тель-Авив",
    "organic": true,
    "inStock": true,
    "unit": "kg"
  },
  {
    "id": "2",
    "name": "Огурец",
    "nameHe": "מלפפון",
    "price": 8,
    "currency": "ILS",
    "category": "vegetables",
    "description": "Хрустящие огурцы",
    "image": "/logo192.png",
    "farmId": "f2",
    "farmName": "Ферма Б",
    "location": "Хайфа",
    "organic": false,
    "inStock": true,
    "unit": "kg"
  }
] 